[
    {
      "name": "Delhi",
      "image": "delhi.jpg",
      "description": "Delhi, the capital city of India, is a bustling metropolis with a rich historical heritage.",
      "wikipediaLink": "https://en.wikipedia.org/wiki/Delhi",
      "phrase": "Where history meets modernity.",
      "poeticLine": "In Delhi's heart, echoes history's song."
    },
    {
        "name": "Mumbai",
        "image": "mumbai.jpg",
        "description": "Mumbai, also known as the City of Dreams, is a vibrant metropolis on the western coast of India. With its bustling streets, iconic landmarks, and rich cultural heritage, Mumbai offers a diverse range of experiences for every traveller. Immerse yourself in the city's history by exploring its historical landmarks, such as ancient caves and colonial-era architecture. Indulge in the culinary delights of Mumbai's street food scene and savour the flavours of authentic Indian cuisine. Discover hidden gems tucked away in the city's narrow lanes, showcasing local arts, crafts, and traditional performances. Experience the glamour and glitz of Bollywood through movie studio tours and live shows. Relax on the sandy shores of Mumbai's beaches, or enjoy the vibrant nightlife scene with your friends. Mumbai truly has something for everyone, making it the perfect destination for a trip in September.",
        "wikipediaLink": "https://en.wikipedia.org/wiki/Mumbai",
        "phrase": "The city that never sleeps.",
        "poeticLine": "Mumbai's spirit, a tale of dreams untold."        
    },
    {
        "name": "Gangtok",
        "image": "gangtok.jpg",
        "description": "Gangtok, a charming city in India, is an ideal destination for your 6-day trip in December. With its stunning Himalayan backdrop, you can embark on a journey of Himalayan exploration and enjoy breathtaking vistas of snow-capped peaks. Gangtok is rich in Buddhist heritage, offering numerous monasteries where you can immerse yourself in spiritual tranquility. Delve into the city's history through its museums, showcasing the region's cultural and historical significance. Don't miss the chance to savor delicious local cuisine, as Gangtok is renowned for its great food. The city also offers adventure sports, hidden gems, and opportunities for tea tourism, allowing you to have a diverse and unforgettable experience.",
        "wikipediaLink": "https://en.wikipedia.org/wiki/Gangtok",
        "phrase": "Enchanting hills, vibrant culture, Gangtok beckons.",
        "poeticLine": "In the cradle of the Himalayas, Gangtok's whispers dance with mountain breeze."        
      },
      {
        "name": "Nainital",
        "image": "nainital.jpg",
        "description": "Nainital, a charming hill station in India, is the perfect destination for your 4-day trip in October. Traveling with your friends, you'll be captivated by the must-see attractions, hidden gems, and the rich history of this enchanting place. Indulge in great food, savoring the diverse flavors that Nainital has to offer. Immerse yourself in the spiritual journey, exploring the serene temples and lakeside tranquility. Experience thrilling adventure activities and enjoy boating on the pristine lakes. Discover the abundant wildlife in the surrounding areas. Engage in shopping experiences that showcase the local craftsmanship. Nainital promises a delightful blend of outdoors and cultural exploration.",
        "wikipediaLink": "https://en.wikipedia.org/wiki/Nainital",
        "phrase": "Nainital: The Lake District of India.",
        "poeticLine": "In the embrace of misty hills, Nainital's whispers echo across the tranquil lake."
      },
      {
        "name": "Goa",
        "image": "goa.jpg",
        "description": "Goa is a vibrant destination that offers a diverse range of experiences. With its beautiful beaches, Goa is perfect for water sports enthusiasts and beach lovers. You can indulge in thrilling activities like surfing, jet skiing, and parasailing. Explore the rich wildlife sanctuaries and witness the diverse flora and fauna. Discover the heritage architecture that reflects Goa's colonial past and visit historical sites that showcase its intriguing history. Don't miss the night markets where you can shop for unique souvenirs and immerse yourself in the lively atmosphere. Enjoy delicious local cuisine at beach shacks and savor the great food that Goa has to offer. With its blend of nature, history, and vibrant culture, Goa has something for everyone.",
        "wikipediaLink": "https://en.wikipedia.org/wiki/Goa",
        "phrase": "Goa: Where the sands meet the sea and the parties never end.",
        "poeticLine": "In Goa's embrace, the waves dance to the rhythm of the sun-kissed shores."
      },
      {
        "name": "Shillong",
        "image": "shillong.jpg",
        "description": "Shillong is a captivating destination that offers a perfect blend of natural beauty and cultural experiences. Known as the 'Scotland of the East', this hill station in India is surrounded by rolling hills, lush forests, and sparkling waterfalls. In May, the weather is pleasant, making it an ideal time to explore the outdoors. Shillong boasts must-see attractions, including breathtaking viewpoints and serene lakes. The city also offers a vibrant food scene, with a variety of delicious cuisines to satisfy your taste buds. You can immerse yourself in the local culture by visiting cultural landmarks and exploring hidden gems. Additionally, Shillong hosts a thriving music scene and offers opportunities for adventure and sports enthusiasts. With its rich history, arts and theatre, and vibrant shopping options, Shillong promises an unforgettable trip with your friends.",
        "wikipediaLink": "https://en.wikipedia.org/wiki/Shillong",
        "phrase": "Misty whispers of Shillong",
        "poeticLine": "Where clouds embrace the peaks, Shillong's soul unfolds."
      },
      {
        "name": "Bengaluru",
        "image": "bengaluru.jpg",
        "description": "Bengaluru, also known as the Garden City and Silicon Valley of India, is a vibrant destination to explore with your friends. In October, you can expect pleasant weather to enjoy the outdoors and visit the city's numerous parks and gardens. Bengaluru offers a rich history and culture, with fascinating historical sites to discover.Don't miss the must-see attractions that showcase the city's architectural marvels. Indulge in the diverse and delicious cuisine, ranging from local street food to international gourmet dishes. You'll also find hidden gems and unique shopping experiences throughout the city. Immerse yourself in Bengaluru's art and culture scene, which is sure to captivate you during a trip.",
        "wikipediaLink": "https://en.wikipedia.org/wiki/Bengaluru",
        "phrase": "Bengaluru: Where tradition meets innovation.",
        "poeticLine": "In Bengaluru's bustling streets, echoes of heritage blend with the symphony of progress."
      },
      {
        "name": "Jaipur",
        "image": "jaipur.jpg",
        "description": "Jaipur, a captivating city in India, is an ideal destination for your 6-day family trip in December. Immerse yourself in its rich royal heritage and explore must-see attractions that showcase its grand architecture and historical significance. Indulge in the city's delectable cuisine, from mouthwatering street food to exquisite traditional dishes. Discover hidden gems, where you can uncover unique art and craft treasures. Engage in elephant experiences, witness cultural performances, and explore the outdoors to marvel at the city's natural beauty. With its fascinating history, astronomical wonders, and vibrant atmosphere, Jaipur promises an unforgettable journey for your family.",
        "wikipediaLink": "https://en.wikipedia.org/wiki/Jaipur",
        "phrase": "Jaipur: Where history whispers through the pink hues.",
        "poeticLine": "In Jaipur's embrace, tales of kings and queens paint the skies with hues of rose."
      },
      {
        "name": "Puri",
        "image": "puri.jpg",
        "description": "Puri is a captivating destination that perfectly combines history, culture, and natural beauty. This coastal city in India offers a plethora of must-see attractions, including historic temples that showcase exquisite architecture and spiritual significance. You and your friends can indulge in great food as Puri is known for its delicious local cuisine, offering a wide range of flavors and culinary experiences. The city also boasts hidden gems waiting to be discovered, from serene beaches perfect for a relaxing getaway to traditional handicrafts that showcase the region's artistic heritage. In January, you can witness cultural festivals that celebrate the vibrant traditions of Puri. With its rich wildlife and nature, outdoor enthusiasts will find plenty of opportunities for adventure. Puri also has a thriving arts and theatre scene, along with museums that offer a glimpse into the city's fascinating history. Enjoy an unforgettable trip filled with diverse experiences in Puri!",
        "wikipediaLink": "https://en.wikipedia.org/wiki/Puri",
        "phrase": "Puri: Where waves whisper ancient tales.",
        "poeticLine": "In Puri's embrace, the sands hold secrets of time, kissed by the eternal dance of waves."
      },
      {
        "name": "Chandigarh",
        "image": "chandigarh.jpg",
        "description": "Chandigarh, a vibrant city in India, is the perfect destination for your trip. With its rich history and architectural marvels, you will be amazed by the beauty of this place. Explore the must-see attractions and hidden gems that Chandigarh has to offer. Indulge in the great food and experience the local flavors that will tantalize your taste buds. Immerse yourself in the art and culture scene, visit the gardens and parks for a peaceful retreat, and engage in outdoor activities for an adventurous experience. Discover unique shopping spots, relax at wellness centers and spas, and delve into the city's fascinating history. As the sun sets, embrace the vibrant nightlife of Chandigarh with your friends. Enjoy your trip in October and create memories that will last a lifetime!",
        "wikipediaLink": "https://en.wikipedia.org/wiki/Chandigarh",
        "phrase": "Chandigarh: Where urban sophistication meets natural serenity.",
        "poeticLine": "In Chandigarh's embrace, skyscrapers soar amidst tranquil greens, a symphony of modernity and nature's serene dreams."
      },
      {
        "name": "Kanyakumari",
        "image": "kanyakumari.jpg",
        "description": "Kanyakumari, located in India, is a captivating destination that perfectly caters to your varied interests. This scenic place offers a plethora of must-see attractions, including historical landmarks and hidden gems waiting to be discovered. You can immerse yourself in the vibrant art and culture scene, explore the outdoors and indulge in thrilling adventure sports.Kanyakumari is renowned for its breathtaking sunrise and sunset points, providing unforgettable experiences. Additionally, the beach experiences here are unparalleled, allowing you to relax and rejuvenate. Don't miss the opportunity to explore museums showcasing the rich history of the region. And of course, the local markets offer a delightful shopping experience for unique goods. Enjoy your trip with friends in October!",
        "wikipediaLink": "https://en.wikipedia.org/wiki/Kanyakumari",
        "phrase": "Kanyakumari: Where oceans merge and horizons unite.",
        "poeticLine": "At Kanyakumari's edge, where sky meets sea in hues of twilight, whispers of eternity dance on waves of convergence."
      },
      {
        "name": "Himachal Pradesh",
        "image": "himachal.jpg",
        "description": "Himachal Pradesh, located in northern India, is a captivating destination that perfectly aligns with your interests. With its breathtaking landscapes, this region offers ample opportunities for hiking and trekking, allowing you to immerse yourself in the stunning natural beauty. Known for its rich cultural heritage, Himachal Pradesh is dotted with numerous cultural landmarks that showcase the history and traditions of the area. The serene environment also makes it an ideal place for yoga and meditation, providing the perfect escape from the hustle and bustle of daily life. Additionally, adventure sports enthusiasts will find plenty of thrilling activities to indulge in. Himachal Pradesh is a true haven for those seeking outdoor adventures, arts, theatre, and a vibrant culture.",
        "wikipediaLink": "https://en.wikipedia.org/wiki/Himachal_Pradesh",
        "phrase": "Himachal Pradesh: Where the Mountains Sing.",
        "poeticLine": "In Himachal's lofty peaks, where echoes of eternity reside, nature's symphony serenades the soul's ascent."
      },
      {
        "name": "Tawang",
        "image": "tawang.jpg",
        "description": "Tawang is a captivating destination nestled in the mountains of India. In December, the weather is chilly, adding a touch of charm to the picturesque landscapes. As a cultural hotspot, Tawang is renowned for its ancient Buddhist monasteries and cultural landmarks, which offer a glimpse into the region's rich heritage. The local markets are bustling with vibrant colors and unique handicrafts, making them perfect for souvenir shopping. Adventure seekers can indulge in outdoor activities like trekking and exploring the mesmerizing natural beauty of the area. Tawang also boasts a thriving arts and theatre scene, ensuring a delightful experience for culture enthusiasts. With its must-see attractions, hidden gems, and delicious local cuisine, Tawang is an ideal destination for a memorable trip with friends.",
        "wikipediaLink": "https://en.wikipedia.org/wiki/Tawang",
        "phrase": "Tawang: Where Serenity Meets Majesty.",
        "poeticLine": "In Tawang's tranquil embrace, where prayer flags dance on mountain breezes, whispers of ancient wisdom echo amidst snow-capped peaks."
      },
      {
        "name": "Nepal",
        "image": "nepal.jpg",
        "description": "Nepal, cradled in the embrace of the Himalayas, is a captivating destination renowned for its stunning natural beauty, rich cultural heritage, and warm hospitality. From the legendary trekking routes of the Annapurna Circuit and Everest Base Camp to the lush jungles of Chitwan National Park, Nepal offers diverse experiences for adventurers and nature lovers alike. Kathmandu, the vibrant capital city, serves as the cultural hub, with its ancient temples, bustling markets, and vibrant streets showcasing the country's rich history and traditions. From the medieval city squares of Bhaktapur and Patan to the serene lakeside town of Pokhara, Nepal's landscapes and cultural tapestry promise unforgettable experiences for travelers seeking spiritual enlightenment or thrilling adventures amidst towering peaks.",
        "wikipediaLink": "https://en.wikipedia.org/wiki/Nepal",
        "phrase": "Nepal: Where the Himalayas embrace the heavens and culture dances with the mountains.",
        "poeticLine": "In Nepal's embrace, where mountains kiss the sky, echoes the soul's journey to highs untold."
      },
      {
        "name": "Ooty",
        "image": "ooty.jpg",
        "description": "Ooty, also known as Udhagamandalam, is a charming hill station nestled in the Nilgiri Mountains of India. With its breathtaking natural beauty, pleasant weather, and diverse attractions, it is a perfect destination for a 3-day trip with your partner. Ooty offers a wide range of must-see attractions, including botanical gardens, cultural landmarks, and captivating tea plantations. You can indulge in delectable food at local eateries and explore hidden gems while strolling through the scenic landscapes. Don't miss the opportunity to experience a memorable train ride amidst the picturesque hills. Shopping enthusiasts can find unique and traditional items in the local markets. Ooty's rich history, vibrant culture, and abundant outdoor activities make it an ideal getaway for you and your partner.",
        "wikipediaLink": "https://en.wikipedia.org/wiki/Ooty",
        "phrase": "Ooty: Where nature paints in hues of serenity and tranquility beckons at every turn.",
        "poeticLine": "In Ooty's embrace, whispers of mist dance with the breeze, painting dreams on every leaf."
      },
      {
        "name": "Lucknow",
        "image": "lucknow.jpg",
        "description": "Lucknow, India offers a delightful blend of history, culture, and gastronomy. Explore historical monuments that transport you to a bygone era, revealing the city's rich heritage. Immerse yourself in the vibrant culture by visiting arts and theatre venues that showcase local talent. Discover hidden gems tucked away in the narrow lanes, offering a glimpse of authentic Lucknow. Indulge in delectable cuisine, renowned for its Awadhi flavours and Mughlai influences. Don't miss the opportunity to shop for exquisite Chikan work, a traditional Lucknowi embroidery. Enjoy the city's lush gardens and parks, perfect for a leisurely stroll or picnic. With its diverse offerings, Lucknow promises a memorable experience for you and your friends.",
        "wikipediaLink": "https://en.wikipedia.org/wiki/Lucknow",
        "phrase": "Lucknow: Where heritage meets hospitality, and every corner whispers tales of elegance.",
        "poeticLine": "In Lucknow's embrace, history's poetry dances on cobblestone streets, echoing tales of grace."
      },
      {
        "name": "Varanasi",
        "image": "varanasi.jpg",
        "description": "Varanasi is a vibrant and spiritual destination that will captivate you with its must-see attractions, historical temples, and sacred ghats. Immerse yourself in the art and culture of this ancient city, where every corner tells a story. Indulge in the delectable flavors of its great food, from street-side snacks to traditional dishes. Explore the hidden gems tucked away in its narrow lanes, offering a glimpse into the city's rich heritage. Take a stroll along the sacred ghats, where rituals and ceremonies unfold against the backdrop of the holy Ganges River. Discover the beauty of Varanasi's outdoors, indulge in adventure and sports, and shop for exquisite silk products. Varanasi is a cultural treasure trove that will leave you mesmerised.",
        "wikipediaLink": "https://en.wikipedia.org/wiki/Varanasi",
        "phrase": "Varanasi: Where spirituality flows like the Ganges, and every step resonates with ancient wisdom.",
        "poeticLine": "In Varanasi's embrace, where the Ganges whispers secrets of eternity, and prayers float like incense in the morning breeze."
      },
      {
        "name": "Guwahati",
        "image": "guwahati.jpg",
        "description": "Guwahati, a vibrant city in India, offers a plethora of experiences for your 3-day trip in December. Immerse yourself in the rich history and culture as you explore the sacred temples and cultural landmarks scattered throughout the city. Indulge in the flavours of the region with its great food, from local delicacies to international cuisines. Discover hidden gems and explore the outdoors with wildlife exploration and visits to tea gardens. Enjoy a leisurely river cruise along the serene waterways, taking in the beautiful scenery. Experience the bustling local markets, where you can find unique souvenirs and immerse yourself in the local way of life.",
        "wikipediaLink": "https://en.wikipedia.org/wiki/Guwahati",
        "phrase": "Guwahati: Gateway to the Northeast, where culture meets the Brahmaputra's embrace.",
        "poeticLine": "In Guwahati's embrace, where hills sing in whispers, and rivers weave tales of ancient mystique."
      },
      {
        "name": "Jammu",
        "image": "jammu.jpg",
        "description": "Jammu City is a fascinating destination that will cater to your diverse interests. With its rich history and historical landmarks, you can explore the city's intriguing past. The spiritual exploration opportunities are abundant, offering serene temples and pilgrimage sites for a soulful experience. Immerse yourself in the local culture by shopping for exquisite handicrafts and indulging in great food at the city's bustling markets. For adventure enthusiasts, there are exciting outdoor activities to enjoy. The city also boasts museums, arts, and theatres, providing an enriching cultural experience. With its pleasant weather in November, Jammu City is the perfect destination for a memorable family trip.",
        "wikipediaLink": "https://en.wikipedia.org/wiki/Jammu",
        "phrase": "Guwahati: Gateway to the Northeast, where culture meets the Brahmaputra's embrace.",
        "poeticLine": "In Guwahati's embrace, where hills sing in whispers, and rivers weave tales of ancient mystique."
      },
      {
        "name": "Darjeeling",
        "image": "darjeeling.jpg",
        "description": "Darjeeling is a destination that perfectly aligns with your interests. With its breathtaking landscapes and charming tea gardens, it offers a unique blend of natural beauty and cultural experiences. You can explore must-see attractions, indulge in delicious food, and discover hidden gems tucked away in the mountains. Darjeeling is renowned for its tea tourism, where you can visit tea estates and learn about the art of tea production. Immerse yourself in Buddhist culture by visiting monasteries and experiencing the peaceful ambiance. If you're lucky, you might spot some Himalayan wildlife during your outdoor adventures. Don't miss the heritage train rides that offer a glimpse into the region's history. With its vibrant arts scene, Darjeeling also offers opportunities to enjoy performances and exhibitions. And if you're a fan of wine and beer, you'll find plenty of options to satisfy your taste buds. Adventure enthusiasts can engage in thrilling sports like trekking and paragliding. Darjeeling truly has something for everyone, making it an ideal destination for your trip with friends.",
        "wikipediaLink": "https://en.wikipedia.org/wiki/Darjeeling",
        "phrase": "Darjeeling: Where tea gardens kiss the clouds, and every sunrise paints a masterpiece.",
        "poeticLine": "In Darjeeling's embrace, where misty mountains whisper tales of dreams, and the sun's first kiss ignites the horizon."
      },
      {
        "name": "Agra",
        "image": "agra.jpg",
        "description": "Agra, a city known for its rich history and Mughal architecture, is the perfect destination for your trip. Home to one of the Seven Wonders of the World, the city offers must-see attractions that will leave you awe-inspired. Indulge in the delectable local cuisine, with its great food options ranging from street food to fine dining restaurants. Explore hidden gems tucked away in the narrow lanes, where you can find unique handicrafts and immerse yourself in the local culture. Agra's cultural landmarks and wellness spas offer a serene escape, while the outdoors present opportunities for adventure and sports. With its deep-rooted history, Agra is a treasure trove waiting to be explored.",
        "wikipediaLink": "https://en.wikipedia.org/wiki/Agra",
        "phrase": "Agra: Where the Taj Mahal reigns supreme, and history echoes in every cobblestone.",
        "poeticLine": "In Agra's embrace, where marble whispers tales of love, and shadows dance with the whispers of centuries past."
      },
      {
        "name": "Amritsar",
        "image": "amritsar.jpg",
        "description": "Amritsar is a vibrant city in India that offers a blend of rich history, cultural heritage, and spiritual significance. Famous for its iconic Golden Temple, a sacred temple revered by Sikhs, Amritsar is a must-visit for its spiritual and architectural beauty. The city also boasts historical museums that showcase the region's past, while traditional bazaars offer a unique shopping experience for traditional artifacts and handicrafts. You can indulge in delectable local cuisine, known for its flavors and spices, and witness cultural performances that reflect the city's vibrant traditions. With its pleasant weather in November, Amritsar provides ample opportunities for outdoor activities and relaxation at wellness spas.",
        "wikipediaLink": "https://en.wikipedia.org/wiki/Amritsar",
        "phrase": "Amritsar: Where spirituality resonates in every heartbeat, and history echoes in the Golden Temple's glow.",
        "poeticLine": "In Amritsar's embrace, where prayers float on sacred waters, and the soul finds solace in the golden hues of devotion."
      },
      {
        "name": "Bhubaneswar",
        "image": "bhubaneswar.jpg",
        "description": "Bhubaneswar is a vibrant city in India, perfect for a 5-day trip in February. You and your friends will be immersed in a rich cultural experience, as the city is known for its historical temples, cultural landmarks, and must-see attractions. Explore the hidden gems scattered throughout the city, from quaint shops offering great food to outdoor spaces where you can unwind and enjoy the pleasant weather. Bhubaneswar also offers a taste of adventure and sports, along with opportunities to indulge in wine and beer. Immerse yourself in the local culture by visiting arts and theatre venues, as well as museums showcasing the city's heritage.",
        "wikipediaLink": "https://en.wikipedia.org/wiki/Bhubaneswar",
        "phrase": "Bhubaneswar: Where ancient temples stand as guardians of time, and spirituality flows in every breeze.",
        "poeticLine": "In Bhubaneswar's embrace, where echoes of devotion adorn the skies, and history's whispers dance among the sanctuaries."
      },
      {
        "name": "Chennai",
        "image": "chennai.jpg",
        "description": "Chennai (Madras) is a vibrant city in India that offers a perfect blend of history, culture, and natural beauty. With its rich heritage and historical landmarks, you can explore ancient temples and architectural wonders. The city is also known for its beautiful beaches where you can relax and indulge in beach activities. Chennai is a haven for food lovers, offering a wide variety of delicious cuisine, from traditional South Indian dishes to international flavors. You can also immerse yourself in art and culture by visiting museums and art galleries. With its bustling markets, you can shop for traditional goods and souvenirs. Chennai is a great destination for families, offering outdoor activities, wellness and Ayurveda experiences, as well as adventure sports. Whether you're looking for must-see attractions or hidden gems, Chennai has something to offer for everyone!",
        "wikipediaLink": "https://en.wikipedia.org/wiki/Chennai",
        "phrase": "Chennai: Where tradition meets modernity, and the ocean's song serenades the soul.",
        "poeticLine": "In Chennai's embrace, where the sands hold stories of yore, and the waves echo the rhythm of eternal harmony."
      },
      {
        "name": "Vadodara",
        "image": "vadodara.jpg",
        "description": "Vadodara is a vibrant city in India that offers a mix of cultural, historical, and natural attractions. From its magnificent palaces and temples to its bustling markets and art galleries, you will find plenty to explore. Immerse yourself in the rich history by visiting the historical landmarks and uncover hidden gems tucked away in the city. Indulge in the local cuisine and savor the flavors of great food at various restaurants. Experience the city's vibrant festivals and immerse yourself in the local culture. Enjoy the outdoors by exploring the surrounding nature and wildlife. With its diverse range of attractions and activities, Vadodara is the perfect destination for a memorable trip with friends.",
        "wikipediaLink": "https://en.wikipedia.org/wiki/Vadodara",
        "phrase": "Vadodara: Where heritage meets innovation, and every corner tells tales of royal grandeur.",
        "poeticLine": "In Vadodara's embrace, where palaces whisper tales of regal splendor, and artistry thrives in the city's vibrant heart."
      },
      {
        "name": "Mathura",
        "image": "mathura.jpg",
        "description": "Mathura, a city in India, is a perfect destination for a family trip in October. Known for its rich history and spiritual sites, Mathura offers a range of attractions suitable for all ages. Explore the must-see attractions and cultural landmarks that showcase the city's vibrant heritage. Indulge in delicious food, including local delicacies and traditional dishes. Discover hidden gems and art galleries that showcase the region's artistic talent. Engage in family-friendly activities and immerse yourself in the local culture. With its pleasant weather and outdoor opportunities, Mathura provides a great backdrop for adventure and sports. Experience the charm and beauty of this culturally significant city.",
        "wikipediaLink": "https://en.wikipedia.org/wiki/Mathura",
        "phrase": "Mathura: Where devotion fills the air, and every temple resonates with divine melody.",
        "poeticLine": "In Mathura's embrace, where the sacred river flows with tales of Krishna's love, and every dawn heralds a celestial dance."
      },
      {
        "name": "Manali",
        "image": "manali.jpg",
        "description": "Manali is a captivating destination nestled in the Himalayas, perfect for a 5-day trip in October. With its breathtaking natural beauty, it offers a plethora of options for outdoor enthusiasts. Embark on exhilarating Himalayan treks, exploring hidden gems and cultural landmarks along the way. Indulge in delicious local cuisine and discover great food spots, satisfying your taste buds. Experience the thrill of snow sports, making the most of the beautiful snow-capped mountains. Engage in rejuvenating yoga retreats and immerse yourself in the rich culture and history of the region. Manali also offers boutique shopping, allowing you to find unique souvenirs. It is a destination that caters to all your interests and promises an unforgettable experience.",
        "wikipediaLink": "https://en.wikipedia.org/wiki/Manali",
        "phrase": "Manali: Where snow-capped peaks embrace tranquil valleys, and adventure beckons at every turn.",
        "poeticLine": "In Manali's embrace, where the mountains whisper ancient secrets, and the rivers sing ballads of wanderlust."
      },
      {
        "name": "Ladakh",
        "image": "ladakh.jpg",
        "description": "Ladakh, a destination known for its breathtaking landscapes and rich cultural heritage, is the perfect choice for your 6-day trip with friends. This region offers a plethora of must-see attractions, from ancient monasteries perched on rugged hillsides to serene lakes reflecting the surrounding snow-capped peaks. Explore hidden gems tucked away in remote valleys, where you can immerse yourself in the untouched beauty of nature. Ladakh's museums and historical sites will take you on a journey through its fascinating past, while its vibrant culture will enchant you with traditional music, dance, and art. Indulge in delicious local cuisine, embark on thrilling outdoor adventures, and witness captivating arts and theatre performances. Ladakh has it all to make your trip an unforgettable experience.",
        "wikipediaLink": "https://en.wikipedia.org/wiki/Ladakh",
        "phrase": "Ladakh: Where rugged landscapes meet spiritual solace, and every vista paints a portrait of serenity.",
        "poeticLine": "In Ladakh's embrace, where the Himalayas touch the sky, and the silence speaks volumes to the soul's quest."
      },
      {
        "name": "Andaman and Nicobar Islands",
        "image": "Andaman_and_Nicobar_Islands.jpg",
        "description": "Andaman and Nicobar Islands is a tropical paradise located in the Bay of Bengal. With its pristine beaches, crystal-clear turquoise waters, and lush green forests, it offers a perfect getaway for outdoor enthusiasts. The islands boast a rich history and cultural heritage, with museums showcasing the indigenous tribes and colonial past. You can explore must-see attractions like historic landmarks and enjoy adventurous activities such as scuba diving, snorkelling, and trekking. Indulge in the local cuisine that offers a blend of Indian, Southeast Asian, and seafood delicacies. The islands also offer opportunities for arts and theatre, making it a well-rounded destination for your interests.",
        "wikipediaLink": "https://en.wikipedia.org/wiki/Andaman_and_Nicobar_Islands",
        "phrase": "Andaman and Nicobar Islands: Where azure waters meet pristine shores, and nature's palette paints vibrant dreams.",
        "poeticLine": "In the embrace of Andaman and Nicobar's isles, where whispers of the sea weave tales of timeless beauty, and the sunsets ignite the sky with hues of eternity."
      },
      {
        "name": "Udaipur",
        "image": "udaipur.jpg",
        "description": "Udaipur is a captivating city in India that offers a perfect blend of history, culture, and natural beauty. Known as the 'City of Lakes', Udaipur is home to several breathtaking lakes that provide a scenic backdrop to the city's majestic architecture. The city's royal heritage is evident in its magnificent palaces and forts, which are a must-see for history enthusiasts. Udaipur also boasts a vibrant art scene, with numerous art galleries showcasing traditional and contemporary works. Indulge in the local cuisine to experience great food, and explore the hidden gems and markets for a memorable shopping experience. Immerse yourself in cultural performances and rejuvenate at wellness spas to complete your enriching visit.",
        "wikipediaLink": "https://en.wikipedia.org/wiki/Udaipur",
        "phrase": "Udaipur: The City of Lakes and Royalty",
        "poeticLine": "In Udaipur's embrace, where lakes mirror the sky, royalty whispers tales of bygone glory."
      },
      {
        "name": "Vaishno Devi",
        "image": "vaishno_Devi.jpg",
        "description": "Vaishno Devi is a popular pilgrimage destination in India known for its religious significance. It offers a blend of breathtaking natural beauty and spiritual experiences. The region is nestled amidst scenic mountains, providing ample opportunities for scenic mountain treks and outdoor activities. You can explore the cultural landmarks and immerse yourself in the rich history of the place. Vaishno Devi also offers a variety of shopping options, where you can find unique souvenirs and local handicrafts. The destination is perfect for a comfortable stay, with options for great food and comfortable accommodations. It is an ideal choice for a family trip with a mix of pilgrimage tours and cultural exploration.",
        "wikipediaLink": "https://en.wikipedia.org/wiki/Vaishno_Devi",
        "phrase": "Vaishno Devi: Where Faith Meets Devotion",
        "poeticLine": "At Vaishno Devi's sacred abode, faith's gentle whispers echo through the misty trails, guiding pilgrims on their divine journey."
      },
      {
        "name": "Lonavala",
        "image": "lonavala.jpg",
        "description": "Lonavala, a scenic hill station nestled in the Western Ghats of India, is a perfect destination for a 2-day trip in May. Known for its breathtaking landscapes, Lonavala offers a mix of must-see attractions, hidden gems, and historical forts. Explore the mesmerising viewpoints, lush valleys, and cascading waterfalls that adorn the region. Indulge in delicious local cuisine and savor the great food options available. For adventure enthusiasts, Lonavala offers thrilling activities like trekking, rappelling, and paragliding. Immerse yourself in the serenity of nature by exploring the numerous outdoor spots. Additionally, Lonavala provides opportunities for wine tasting, arts, theatre, and rejuvenating wellness spas to enhance your experience.",
        "wikipediaLink": "https://en.wikipedia.org/wiki/Lonavala",
        "phrase": "Lonavala: Nature's Embrace in the Western Ghats",
        "poeticLine": "In Lonavala's verdant hills, where whispers of the Western Ghats dance with the clouds, serenity finds its eternal home."
      },
      {
        "name": "Pondicherry",
        "image": "pondicherry.jpg",
        "description": "Pondicherry, a captivating destination in India, is perfect for your 5-day trip with friends. Known for its French colonial architecture, it exudes a unique charm that will transport you to a bygone era. Explore the must-see attractions and uncover hidden gems that are scattered throughout the city. Indulge in the diverse cuisine, from delectable street food to fine dining experiences. Immerse yourself in the rich history and culture as you visit historical sites and engage with local art and craft. Rejuvenate your mind, body, and soul with yoga and wellness activities, or simply relax on the pristine beaches. Pondicherry offers something for everyone!",
        "wikipediaLink": "https://en.wikipedia.org/wiki/Pondicherry",
        "phrase": "Pondicherry: Where Tranquility Meets Culture",
        "poeticLine": "In Pondicherry's quaint streets, echoes of the past blend with the tranquility of the sea, painting a picture of serene cultural harmony."
      },
      {
        "name": "Shimla",
        "image": "shimla.jpg",
        "description": "Shimla is a perfect destination for your 3-day trip in October. Known for its British colonial architecture, the city offers a blend of history and culture. Explore the must-see attractions and hidden gems while enjoying the great food Shimla has to offer. Take a leisurely hike or a thrilling trek in the picturesque surroundings, immersing yourself in nature. Don't miss the enchanting Toy Train Ride, a unique experience that showcases the charm of the city. Indulge in shopping along The Mall Road and try winter sports in Kufri. For wildlife enthusiasts, Shimla offers opportunities for bird watching and wildlife spotting. Unwind with wellness and meditation activities amidst the serene landscapes. Shimla has something to offer for everyone's interests.",
        "wikipediaLink": "https://en.wikipedia.org/wiki/Shimla",
        "phrase": "Shimla: Where the Hills Sing to the Skies",
        "poeticLine": "In Shimla's embrace, where pine-scented breezes kiss the sky, every hill tells a story of timeless beauty under the azure canopy."
      },
      {
        "name": "Mussoorie",
        "image": "mussoorie.jpg",
        "description": "Mussoorie is a picturesque hill station nestled in the mountains of India. With its breathtaking views and pleasant weather, it is the perfect destination for a 3-day trip with your partner. Mussoorie offers a variety of must-see attractions, including scenic viewpoints and waterfalls that will leave you mesmerised. The town is also known for its delicious food, ranging from local street snacks to fine dining experiences. Explore hidden gems tucked away in the mountains or embark on thrilling adventure activities like trekking and paragliding. Immerse yourself in the rich cultural landmarks, witness the beauty of nature and wildlife, indulge in shopping for local handicrafts, and delve into the history of this charming town. Mussoorie is an ideal blend of outdoors, arts, and theatre, making it a captivating destination for all.",
        "wikipediaLink": "https://en.wikipedia.org/wiki/Mussoorie",
        "phrase": "Mussoorie: Where Nature's Symphony Beckons",
        "poeticLine": "In Mussoorie's mist-kissed valleys, whispers of the wind compose melodies, calling souls to dance with the mountains."
      },
      {
        "name": "Rishikesh",
        "image": "Rishikesh.jpg",
        "description": "Rishikesh is a serene destination nestled in the foothills of the Himalayas in India. Known as the 'Yoga Capital of the World', it offers a perfect blend of spirituality and natural beauty. With a plethora of yoga centers, meditation retreats, and ashrams, it is an ideal place for seeking spiritual enlightenment and practicing yoga. Rishikesh is also home to numerous cultural landmarks and must-see attractions, including ancient temples and ashrams. The town's vibrant markets offer a delightful shopping experience where you can find traditional handicrafts and souvenirs. The tranquil outdoors, with the Ganges river and surrounding mountains, provide opportunities for adventure and exploring nature. Indulge in the local cuisine, which ranges from street food to vegetarian delights, and treat yourself to rejuvenating wellness and spa experiences. Rishikesh is a perfect destination to immerse yourself in the rich history, culture, and wellness offerings of India.",
        "wikipediaLink": "https://en.wikipedia.org/wiki/Rishikesh",
        "phrase": "Rishikesh: Where Serenity Meets Spirituality",
        "poeticLine": "In Rishikesh's tranquil embrace, where Ganges hymns echo through ancient trees, the soul finds solace in the sacred whispers of the river."
      },
      {
        "name": "Jaisalmer",
        "image": "jaisalmer.jpg",
        "description": "Jaisalmer is a mesmerizing destination that perfectly aligns with your interests and preferences. Known for its historic forts, the city offers a rich cultural experience through its cultural performances and Jain temples. The local markets are a treasure trove for hidden gems and great food, allowing you to immerse yourself in the local culture. Jaisalmer's outdoors are breathtaking, with the majestic desert providing the perfect backdrop for a thrilling desert safari. Additionally, you can explore museums that showcase the city's fascinating history. With a blend of adventure, history, and vibrant local culture, Jaisalmer is the ideal destination for a memorable 5-day trip with your partner.",
        "wikipediaLink": "https://en.wikipedia.org/wiki/Jaisalmer",
        "phrase": "Jaisalmer: Where Golden Sands Hold Tales of Time",
        "poeticLine": "In Jaisalmer's desert expanse, where dunes whisper ancient stories, the sun paints tales of valor in hues of gold."
      },
      {
        "name": "Mount Abu",
        "image": "Mount_Abu.jpg",
        "description": "Mount Abu is a picturesque hill station nestled in the Aravalli Range of Rajasthan, India. This serene destination offers a perfect blend of natural beauty and cultural heritage. Explore the must-see attractions, such as ancient temples and historical landmarks, showcasing the rich history of the region. Indulge in the delectable local cuisine, renowned for its flavors and spices. Discover hidden gems tucked away in the hills, offering breathtaking views and tranquil surroundings. Engage in boating and picnics by the serene lakes, witnessing stunning sunsets. Immerse yourself in wellness and yoga retreats amidst the serene mountains. Experience the vibrant local culture and traditions, and shop for local crafts and souvenirs. Mount Abu is an ideal destination for a fulfilling and rejuvenating getaway.",
        "wikipediaLink": "https://en.wikipedia.org/wiki/Mount_Abu",
        "phrase": "Jaisalmer: Where Golden Sands Hold Tales of Time",
        "poeticLine": "In Jaisalmer's desert expanse, where dunes whisper ancient stories, the sun paints tales of valor in hues of gold."
      },
      {
        "name": "Jodhpur",
        "image": "Jodhpur.jpg",
        "description": "Jodhpur is a vibrant city in India that offers a perfect blend of history, culture, and adventure. Known as the 'Blue City' due to the blue-painted houses in its old town, Jodhpur is home to magnificent historic forts that showcase the city's rich heritage. Explore the must-see attractions, wander through the bustling markets filled with handicrafts, and savor the delightful flavors of local cuisine. Discover hidden gems tucked away in narrow alleys, visit cultural museums to learn about the city's traditions, or indulge in a rejuvenating spa and wellness experience. Jodhpur's desert safaris and outdoor activities offer thrilling adventures for the whole family, making it an ideal destination for your trip.",
        "wikipediaLink": "https://en.wikipedia.org/wiki/Jodhpur",
        "phrase": "Jodhpur: Where Royalty Meets the Desert Sands",
        "poeticLine": "In Jodhpur's golden hue, the sun kisses the ancient forts, while tales of valor echo through the desert breeze."
      },
      {
        "name": "Coimbatore",
        "image": "Coimbatore.jpg",
        "description": "Coimbatore, a vibrant city in India, is a perfect destination for a family trip. With its plethora of attractions, there is something for everyone to enjoy. Explore the must-see landmarks and cultural sites that showcase the rich history of the region. Indulge in the flavors of great food, from traditional delicacies to international cuisines. Uncover hidden gems as you wander through the bustling streets, discovering unique shops and regional goods. Immerse yourself in the tranquility of wellness spas, rejuvenating your mind and body. Experience the outdoors with breathtaking landscapes and adventurous activities. Coimbatore offers a blend of arts, theater, and cultural events, ensuring a memorable trip for all.",
        "wikipediaLink": "https://en.wikipedia.org/wiki/Coimbatore",
        "phrase": "Coimbatore: Gateway to Southern Serenity",
        "poeticLine": "In Coimbatore's gentle embrace, whispers of the Western Ghats dance with the fragrance of blossoms, where tranquil streams weave tales of timeless serenity."
      },
      {
        "name": "Mahabalipuram",
        "image": "Mahabalipuram.jpg",
        "description": "Mahabalipuram is a captivating destination in India that offers a mix of historical monuments, beautiful beaches, and vibrant culture. This place is perfect for your 3-day trip with friends as it has something for everyone. Explore the must-see attractions and historical monuments that showcase the rich heritage of the region. Indulge in great food and discover hidden gems tucked away in narrow lanes. Engage in beach activities and soak up the sun or go shopping for exquisite stone sculptures. Experience a wellness retreat to rejuvenate your mind and body. Immerse yourself in the local arts, theatre, and cultural performances. Mahabalipuram also provides opportunities for wildlife and bird watching amidst its natural beauty. Enjoy the outdoors and create lasting memories in this enchanting destination.",
        "wikipediaLink": "https://en.wikipedia.org/wiki/Mahabalipuram",
        "phrase": "Mahabalipuram: Where History Speaks Through Stone",
        "poeticLine": "In Mahabalipuram's timeless embrace, ancient sculptures whisper stories of a bygone era, etched in stone for eternity."
      },
      {
        "name": "Haridwar",
        "image": "Haridwar.jpg",
        "description": "Haridwar, located in India, is a captivating destination that perfectly aligns with your interests. Known for its spiritual and cultural landmarks, this city offers a multitude of must-see attractions, including ancient temples and sacred ghats. Immerse yourself in the rich history and vibrant culture as you explore the hidden gems tucked away in the narrow streets. Haridwar is a haven for yoga and meditation enthusiasts, providing serene environments for practicing and rejuvenating your mind and body. Indulge in the local cuisine and savor the great food, ranging from delicious street snacks to traditional vegetarian dishes. With its unique shopping experiences and captivating festivals, Haridwar promises an unforgettable adventure for solo travelers like you.",
        "wikipediaLink": "https://en.wikipedia.org/wiki/Haridwar",
        "phrase": "Mahabalipuram: Where History Speaks Through Stone",
        "poeticLine": "In Mahabalipuram's timeless embrace, ancient sculptures whisper stories of a bygone era, etched in stone for eternity."
      },
      {
        "name": "Madurai",
        "image": "Madurai.jpg",
        "description": "Madurai, a city in India, is a fascinating destination for your 4-day family trip. Known for its rich history and cultural heritage, Madurai offers a multitude of must-see attractions and historic temples that will leave you awestruck. Explore the hidden gems tucked away in every corner, where you can immerse yourself in the local culture and traditions. Indulge in some local shopping to bring back unique souvenirs and experience the vibrant atmosphere. Additionally, Madurai offers opportunities for wellness and Ayurveda, allowing you to rejuvenate and relax. With its beautiful outdoors and adventurous sports, Madurai caters to everyone's interests, ensuring a memorable trip for your family.",
        "wikipediaLink": "https://en.wikipedia.org/wiki/Madurai",
        "phrase": "Madurai: City of Temples and Traditions",
        "poeticLine": "In Madurai's vibrant streets, history dances with tradition, echoing the chants of devotees in the sanctity of its timeless temples."
      },
      {
        "name": "Alibaug",
        "image": "Alibaug.jpg",
        "description": "Alibaug is a charming coastal town in India that is perfect for a 4-day getaway in October. With its beautiful beaches, rich history, and abundance of nature, it offers a diverse range of experiences for you and your friends. Explore the must-see attractions, uncover hidden gems, and immerse yourself in the local culture. Indulge in delicious food at the numerous eateries, including fresh seafood delicacies. Discover art and craft shops showcasing unique creations, and unwind at wellness retreats. Alibaug's outdoors provide opportunities for beach exploration, wildlife encounters, and thrilling activities. Experience the vibrant arts and theater scene, and savor local wines and beers. Alibaug is the ideal destination to create unforgettable memories.",
        "wikipediaLink": "https://en.wikipedia.org/wiki/Alibaug",
        "phrase": "Alibaug: Where Serenity Meets the Sea",
        "poeticLine": "In Alibaug's tranquil embrace, waves whisper secrets to the sands, painting tales of serenity under the azure sky."
      }
]














  